,Week1,Week2,Week3,Week4,Week5,Week6,Week7,Week8,Week9,Week10,Week11,Week12,Week13,Week14,Week15,Week16,Week17,Week18,Week19,Week20,Week21,Week22,Week23,Week24,Week25,Week26,Week27,Week28,Week29,Week30,Week31,Week32,Week33,Week34,Week35,Week36,Week37,Week38,Week39,Week40,Week41,Week42,Week43,Week44,Week45,Week46,Week47,Week48,Week49,Week50,Week51,Week52,forecast_week_1,forecast_week_2,forecast_week_3,forecast_week_4,forecast_week_5,forecast_week_6,forecast_week_7,forecast_week_8,forecast_week_9,forecast_week_10,forecast_week_11,forecast_week_12,forecast_week_13,Mean Forecasted Revenue,Value Score,Stability Trend Score,Farmer Rating,Eligibility,Credit Score,Default Probability,Risk Category,Recommended Loan Amount,Loan Amt.
2,6487,10898,5133,3138,3056,5293,3170,2751,0,3333,4746,11039,3275,8611,3709,7025,19186,18296,17370,16413,23633,15950,36641,25381,40219,23374,25151,32583,28558,26249,15298,10880,5113,0,3145,6575,4471,0,0,124,0,9083,900,0,1931,122,0,2704,7147,5125,2589,917,1433.6065570792723,1573.7056385061117,1553.7969787289303,1666.492051964536,1652.2371410001645,1741.4630325635087,1731.5293486227688,1801.3254623388516,1794.591246501783,1848.6893389684203,1844.261556953156,1885.90105911212,1883.0965821717705,1723.8996918854914,0.0068031400729471015,0.2881519024725971,0.29495504254554417,False,573.2170170008765,0.6308021676388841,High Risk,2241.069599451139,0
3,1289,1392,1789,1319,662,2290,1994,2527,1172,3059,1819,1550,2038,1782,3272,2954,2212,1974,3037,875,882,936,9923,3499,3959,3617,17024,37461,67243,63366,46199,22235,4720,0,1145,0,373,0,0,0,0,440,2104,2306,1206,1417,1310,2153,1771,3527,3665,3110,2281.5530029526294,1674.823409615473,1513.4979949668993,1341.6496775203495,1277.819238441931,1217.9712004970556,1190.9971317855034,1168.104046609039,1156.4687681731762,1147.3069002198076,1142.2718414449105,1138.5189664140885,1136.3455759950748,1337.4867503566106,0.005277423304092385,-0.2331470736881308,-0.22786965038403842,False,331.1380309309451,0.9954006914375964,High Risk,1738.732775463594,0
4,3844,4256,3716,4511,5209,7299,9899,7440,1915,18215,16976,1866,13996,14124,45085,69116,46317,72006,117000,114340,92482,92769,182633,173485,268467,319416,309609,266754,271105,325712,213065,97668,113398,62815,14820,22819,22738,14582,14001,11098,9722,12922,23350,26493,1217,2791,0,5203,7938,1909,850,546,1236.386610899191,1389.0623486097036,1549.4564826634307,1716.7951250871479,1890.246704418738,2068.939948672808,2251.981131042335,2438.4701388670355,2627.5150388497614,2818.24491825495,3009.820878453326,3201.4451408983155,3392.3682950528514,2276.210212443815,0.008983888521735095,0.29983842112930054,0.30882230965103563,False,579.6378574964695,0.6004265821233468,High Risk,2959.07327617696,0
5,3428,2346,2419,2110,1569,2110,1951,936,169,235,193,0,0,543,1382,1608,661,1814,1793,1974,1368,1440,2301,3106,3637,3823,3771,3789,3432,2645,1975,1744,1719,833,680,0,0,0,0,0,211,577,548,1216,657,225,357,0,0,181,189,76,156.56966435286017,325.4470737331677,323.9973789458444,323.9973789458444,323.9973789458444,323.9973789458444,323.9973789458444,323.9973789458444,323.9973789458444,323.9973789458444,323.9973789458444,323.9973789458444,323.9973789458444,311.2298389607936,0.0012253401293558068,0.1377664427666602,0.138991782896016,False,501.00270067132163,0.8786754041280431,High Risk,404.5987906490317,0
11,0,2407,934,1639,8641,15669,13667,12997,5931,12871,9770,12041,13876,13904,16329,16936,16862,15294,17725,16480,15829,14254,14319,14200,14209,12818,15095,15718,14145,7867,11271,10503,10255,12999,11717,11338,5654,5232,9519,9376,8085,8233,10095,11590,10571,3780,4097,11683,9681,6121,2391,9831,12739.254192636306,7291.801385610617,7291.801385610617,7291.801385610617,7291.801385610617,7291.801385610617,7291.801385610617,7291.801385610617,7291.801385610617,7291.801385610617,7291.801385610617,7291.801385610617,7291.801385610617,7710.836216920284,0.030442020836550253,-0.13887301496588264,-0.10843099412933238,False,386.4406767216032,0.9862271367597624,High Risk,10024.08708199637,0
13,3330,20632,48997,26615,27791,42098,69652,66293,45123,108987,75277,74647,68688,88805,98199,97605,102821,95610,90996,77741,74977,69706,75871,73271,70571,62704,84258,77164,66110,54449,71305,31794,24396,14427,14251,36441,62164,17714,0,0,516,11878,0,0,0,7893,0,6234,2884,9128,7721,15823,13332.040647977428,12005.243716763836,11259.549497136204,10826.398548847621,10569.677927476274,10415.641378657765,10322.519471975464,10265.963777071098,10231.519129296828,10210.504878697697,10197.670855024413,10189.82769327234,10185.032673248626,10770.122322726584,0.04252133705687424,-0.23866670675793566,-0.19614536970106142,False,345.8270496505857,0.9938397523985332,High Risk,14001.159019544559,0
15,5851,22816,21865,40584,19288,39988,42961,40940,19870,45515,26537,27444,32445,47869,46886,47866,48025,47931,48883,44054,34920,23767,20363,22370,20365,26008,21845,21255,21513,23664,21971,20529,22670,23708,19283,24698,11539,9397,8498,6313,3511,4692,6834,11138,8138,223,1741,2660,5201,4405,2823,4325,4348.0196398308135,4632.958544588512,4916.430494154304,5197.330215520645,5474.653238719799,5747.499090518022,6015.0721325578825,6276.680398758554,6531.732780642212,6779.734891939945,7020.2839186799,7253.0627308346975,7477.833498861222,5974.714736585117,0.02358710121394164,0.2998033781461603,0.32339047936010196,False,586.3832308496376,0.567666148008353,High Risk,7767.129157560653,0
16,0,0,2338,5472,4133,25212,34432,38462,19897,44409,58713,67120,57970,69849,84405,109306,105729,92185,108329,116872,94013,85779,70285,32100,57025,41813,69259,68159,50436,36103,33776,32856,19064,7582,2124,0,460,2373,5207,3025,12438,24451,18964,22355,9918,4258,806,5776,9887,17839,27675,26617,16707.677158101396,11360.059655695832,10921.592628119439,10921.592628119439,10921.592628119439,10921.592628119439,10921.592628119439,10921.592628119439,10921.592628119439,10921.592628119439,10921.592628119439,10921.592628119439,10921.592628119439,11400.404286393157,0.04500994874070652,-0.14815387461481624,-0.10314392587410973,False,388.8887021110222,0.9855460192069604,High Risk,14820.525572311104,0
18,2387,12974,16576,4475,1328,6873,8440,4306,422,3434,2329,3793,541,10160,9442,12701,6769,6891,15678,32526,30860,19405,18670,27225,68705,61414,81538,50920,58986,49121,43307,46724,27993,28507,17377,7610,0,0,0,0,417,589,824,1345,2163,4668,0,3155,2268,17402,6475,2617,2828.7029043443044,2978.649272701104,3083.0996458172363,3154.8256739685335,3203.6120279417883,3236.584575840394,3258.7746818337932,3273.666006239026,3283.6403528006704,3290.3128205578137,3294.7726894475704,3297.7519822390777,3299.7414692989687,3191.0872386946367,0.012596198230794074,0.2583820430027983,0.2709782412335924,False,562.1152465043951,0.680853099472784,High Risk,4148.413410303028,0
19,1898,5133,5549,4730,2531,11965,23736,28502,14934,14749,9613,20442,19869,24782,22630,21551,24555,9311,20598,21756,21816,17580,20814,23001,23788,22544,20910,25441,26257,26406,28877,18487,27303,13867,9303,29414,20062,4588,4063,6357,6240,4110,3591,409,4983,6301,11082,9619,8779,16466,8787,5371,7077.231326324398,7804.601042276053,8044.980411199663,8258.699325008194,8447.987486568753,8615.082893174062,8762.165513003674,8891.312044608718,9004.467255569189,9103.427984843496,9189.83653696807,9265.180818338024,9330.799125582857,8599.67475103578,0.03395151989975101,0.28457256549943993,0.31852408539919097,False,584.1299866325883,0.5786905470527857,High Risk,11179.577176346515,0
20,16737,80094,85153,78569,41315,53345,59079,11156,0,3841,6978,7303,4607,12767,46745,51271,55796,46859,41813,34350,118512,85177,240932,221982,153667,96126,157281,249537,245961,237803,231600,133703,42968,0,0,2678,0,0,0,0,0,928,1814,2239,2195,2273,456,1356,2670,3248,1834,2284,2201.085049568679,2180.3651778871767,2175.158478518637,2173.8442771406835,2173.5121935498973,2173.4282560998845,2173.4070385524606,2173.4016751246204,2173.400319336929,2173.399976615364,2173.3998899807784,2173.3998680809245,2173.3998625449876,2176.24631253854,0.00858919004770846,-0.1745226300203048,-0.16593343997259632,False,359.8158176158124,0.9918671974835142,High Risk,2829.1202063001024,0
21,3612,2840,6355,6395,4036,7780,7997,7587,3531,10138,10521,12808,5748,27811,22325,26439,24013,23498,31584,35561,50364,32888,37615,38577,26718,21770,28257,34980,16202,21829,12614,29776,22243,38396,31639,24317,36019,17943,2823,12052,8278,5020,6963,7558,2528,0,0,0,0,0,0,5924,11567.82296275754,6805.510063961972,10364.307909889047,7424.915886382401,9672.612429379375,7842.889980260902,9261.57220052565,8117.638278068615,9012.138507464995,8295.281618075946,8858.76842064219,8408.952516204601,8763.68250017202,8799.699482598864,0.03474129957411694,-0.0680489890078018,-0.03330768943368487,False,421.2243693759099,0.9727616349259867,High Risk,11439.609327378525,0
23,222446,224385,165878,85609,88645,105090,118154,92065,37940,126483,90177,68606,122439,182413,253435,79122,90365,77105,67946,71960,90244,90199,197683,163837,190722,238669,240484,191939,245788,199929,134843,97195,99576,76963,27196,16647,15805,5928,22942,27599,9083,21677,102108,58059,13838,1577,26726,41489,98504,64776,65222,103845,83037.1048939835,71450.32812392614,64586.36106247826,60347.927873437395,57656.906305565426,55916.15673255274,54775.91114658397,54022.7013327153,53522.33385474309,53188.66788609226,52965.59682627913,52816.207559377486,52716.04714993594,59000.17313443621,0.2329533577728279,-0.2486788318460613,-0.01572547407323338,False,429.3653101632926,0.9680989011491697,High Risk,76700.22507476708,0
28,685,239,0,0,0,0,0,0,0,0,219,1545,1014,1610,4674,4985,4726,5438,5271,4581,5355,5876,6541,7035,7059,7879,8365,9021,8753,7982,6980,6247,5651,5660,4922,4525,3630,5415,3654,3390,3811,3068,3734,3578,3380,2816,2704,2911,2974,2467,2146,1789,1598.6584102700938,1722.7375922242666,1639.6611537149429,1694.1306694026953,1657.9160862460972,1681.7736276769965,1665.9607340226676,1676.399570088595,1669.490050511152,1674.0554676415602,1671.0353912447065,1673.0316723219123,1671.7114528158265,1668.966298321655,0.00658624050587042,0.06150257812942454,0.06808881863529496,False,468.17311566949064,0.9331763842652824,High Risk,2169.6561878181515,0
29,160209,288541,245615,103816,88117,18287,39473,30531,9230,130717,137500,192348,268228,256716,218148,144185,189496,114855,196919,174548,233122,134728,172427,131040,135308,98721,143354,116542,150964,143779,142445,126220,112735,64815,87083,115775,146783,104644,10722,5364,11207,0,0,0,0,961,436,0,1046,957,0,381,105.78886454710069,96.48562116300164,95.8509726966256,95.805633922071,95.80238430063383,95.80215133171822,95.80213462963998,95.80213343222808,95.80213334638276,95.80213334022832,95.80213333978713,95.80213333975549,95.80213333975318,96.62696636376356,0.00037799997539978504,-0.1478372653761593,-0.14745926540075951,False,368.3697545459327,0.9903643668461249,High Risk,125.61505627289263,0
30,68938,88902,81717,70308,35725,224862,506979,623627,336218,667226,576925,566852,535939,693865,648699,620583,825393,525817,616135,659289,667842,507179,622178,662226,596386,411353,353841,294076,426354,338551,382925,330501,275243,159035,45225,26585,0,0,9165,8895,6839,18725,11630,0,0,30778,18301,20448,20471,23328,16742,69206,468483.5446770116,164619.2231893178,291664.8636532066,213321.90916139347,253121.65859985555,230514.88689590344,242615.85138550578,235921.34710930288,239559.26506365818,237562.83973210954,238652.588229832,238056.00116395566,238382.08178612293,253267.389280552,1.0,-0.10726908089469753,0.8927309191053024,True,850.0,0.0066928509242848554,Low Risk,100000.0,1152367
31,1184,556,489,126,0,0,9939,21588,13487,39463,31485,40841,53008,21985,5956,4029,4881,4732,4758,5598,7461,7483,8741,13223,13277,14762,14704,7590,6311,6520,6537,6066,5153,2615,2926,2763,2970,2966,2032,3009,1966,2521,3203,2807,6643,8480,7974,7361,6346,1995,2824,1553,802.3579301846659,1085.350074778774,945.3844704860454,1006.9590748408827,978.3359808936239,991.3148462602181,985.3620597542148,988.0781349419373,986.8359152881774,987.4034366422876,987.1440293671573,987.262574391904,987.2083955582946,978.3843787221678,0.003859539865793468,0.07763231679258654,0.08149185665838002,False,474.37900819668647,0.9250079230791585,High Risk,1271.899692338818,0
32,47313,260600,455277,393747,309626,247768,266480,224656,130100,381917,370325,329635,361865,494830,927472,622467,451606,321065,364764,359381,347423,295072,271228,326396,329426,218596,225180,148730,102349,103822,114302,98629,133850,49899,58720,80866,54532,100014,68320,52901,2338,4889,3149,0,0,0,0,0,43349,76395,71221,65841,63874.54054315638,64548.09997802289,64314.39984611358,64395.11183291127,64367.1921324139,64376.84471920917,64373.50692475954,64374.66103366702,64374.261968418105,64374.3999552363,64374.35224270306,64374.36874053752,64374.36303598549,64345.85407331803,0.25406029849051975,0.09864098777536397,0.3527012862658837,False,599.9547597246114,0.5002262013615107,High Risk,83649.61029531344,0
34,2000,0,647,8344,3273,0,8025,19233,7153,14494,19883,16054,17957,38002,26632,33937,79391,40485,76220,77328,111740,62633,99756,77265,90544,57367,79355,81786,86650,97211,115352,133004,78746,36864,8088,9627,9803,2384,0,3631,0,2708,2036,632,8955,10223,3389,1904,10469,3378,1645,4413,2954.894033027242,3314.09178679423,3207.1719771187422,3237.3789966056047,3228.71510088078,3231.1893908533543,3230.4818973735464,3230.6841254941564,3230.6263153148934,3230.642840814733,3230.63811683027,3230.6394672267515,3230.6390812026457,3214.445625348996,0.012688426721048416,0.10319972876422906,0.11588815548527748,False,490.3052283182277,0.8996999778172468,High Risk,4178.779312953696,0
35,31883,30625,32996,29390,9280,20319,15127,16941,8639,22866,13360,17460,19834,28244,36040,26700,18882,5928,12307,21588,30134,28824,27121,27871,64070,19994,14403,12013,13174,20440,34234,62327,27132,18083,17134,28605,64731,38588,36324,12698,10852,0,0,0,0,4133,5283,3084,1785,655,555,386,284.09268872605355,372.40994499720375,293.81565778529875,361.59571189843376,301.49625602024884,353.516350704923,307.5216313426988,347.44343448349264,312.22345830696884,342.85736433294267,315.8775557889528,339.3817210234424,318.7085361483314,326.99540858146094,0.0012875890639945575,0.0208951321435703,0.022182721207564857,False,446.917613261097,0.955282737100865,High Risk,425.0940311558992,0
36,4178,5301,6730,6527,6535,7820,7283,7790,5369,12633,9805,9148,9173,9795,9265,9646,8092,7791,8239,9020,9477,9169,9009,9370,9831,9616,9837,8570,7661,6650,6159,5278,3908,3291,2476,1987,1884,2560,1916,2104,1718,1372,979,938,666,538,615,583,493,1235,1797,2084,2230.4644597525016,2352.783219924135,2454.3551804833196,2537.864314129542,2605.9839861900805,2661.204661644439,2705.7482844593583,2741.539027968811,2770.207926590148,2793.115891350305,2811.38506898104,2825.9324256482737,2837.502091126807,2640.6220414037507,0.010422735875070014,0.28396280571679605,0.2943855415918661,False,572.9533259103509,0.6320295426605687,High Risk,3432.808653824876,0
38,0,202,1402,636,43,204,0,936,1381,6886,1871,815,1138,1956,7863,7914,6974,13998,17000,17487,17142,10254,14186,16033,16087,11105,16720,18502,19739,15227,22141,17603,18421,10872,7056,4404,4614,1698,1648,1887,1470,1324,1282,3044,1050,1589,1760,2830,434,843,655,1506,980.7744853602098,1425.3987669777575,1029.4674311919423,1366.5333765917264,1067.9597898459456,1323.5615415468073,1098.0765212648064,1291.908496994229,1121.4567845829313,1268.4334511287673,1139.5002767130313,1250.933421600918,1153.3628560123009,1193.643630754721,0.004709471674955309,0.017980983158889886,0.022690454833845197,False,447.15270476137573,0.9550814555647364,High Risk,1551.7367199811374,0
39,338,43,0,0,0,0,0,0,0,0,0,309,310,920,875,1023,1203,1110,1296,2163,2200,2653,3922,4274,4319,3877,4119,3697,3107,3192,3356,3351,3284,2681,2947,2459,2915,2886,2262,2386,2432,1620,1802,1754,2335,2017,2195,1973,1781,1980,1762,2166,2225.06451934671,2262.979789307502,2287.545229895753,2303.381973116302,2313.558995530558,2320.0856326968715,2324.265783129804,2326.9408365616578,2328.6518040262977,2329.745768608893,2330.445079576739,2330.8920482382296,2331.1777054872123,2308.8257819632713,0.009112668166497232,0.2503952457276555,0.25950791389415273,False,556.8042402535948,0.703478001198678,High Risk,3001.4735165522525,0
40,0,0,0,1174,3004,5460,4398,4126,1852,5258,4829,3903,1749,4634,5650,6493,10230,11639,9693,10459,12953,15751,17420,11159,7002,9734,9439,9616,8407,7664,7374,5297,5675,4692,3217,3679,2328,9594,15519,17956,17959,14895,13854,3784,0,0,0,0,5594,11868,6102,12587,10764.835705730138,11912.466924575572,11156.225071099414,11640.18095560881,11324.499579202693,11527.89795228802,11395.793280005422,11481.151570328153,11425.813034987794,11461.611862346808,11438.42086427084,11453.430688499779,11443.710219022487,11417.38751599738,0.045077005496347126,0.062109442272098234,0.10718644776844535,False,486.27615201472696,0.9067410571436081,High Risk,14842.603770796593,0
43,16751,7644,6756,6455,8283,9646,12433,12119,7517,22686,15076,14892,15685,17261,17061,17225,16537,17444,16736,17949,20886,18917,34234,38104,41132,46513,45527,49257,43349,47059,48754,45263,43285,40447,17217,6816,4305,3737,7256,4974,2653,2944,8804,2026,1829,1788,2119,4248,4697,4645,3606,6886,6416.203357722883,6309.030928477876,6283.800803682545,6277.813779203906,6276.3903895297935,6276.051832466072,6275.971297143525,6275.9521390638065,6275.947581632009,6275.9464974829325,6275.946239578984,6275.9461782272265,6275.946163632493,6290.07286060339,0.02483226442225847,-0.17206983455249533,-0.14723757013023686,False,368.4724041855354,0.9903447558359035,High Risk,8177.0947187844085,0
45,4387,2531,2286,1938,1125,2578,2893,704,882,7917,13253,6461,9569,28743,38571,34151,39176,42279,38568,43092,44443,32674,32673,36008,37535,36377,33809,36315,33738,26913,25206,25582,23531,20129,23424,20446,20110,16233,14754,14796,12735,16927,34448,25185,18638,16228,21590,16546,16140,19578,18225,21962,23218.882305818726,22870.485344674355,22964.68851633349,22939.03773952343,22946.008965700625,22944.11338365492,22944.628748626616,22944.48862743529,22944.526724211606,22944.516366260337,22944.519182432246,22944.518416757102,22944.518624932763,22961.148688181653,0.09065650893215313,-0.10719644528823481,-0.016539936356081683,False,428.9881967516835,0.9683310116046016,High Risk,29849.493294636148,0
47,5971,6220,6501,5615,4452,4991,4779,5270,4241,8967,5588,6021,5640,5624,6351,7627,6107,6257,10165,8357,9135,7652,5998,8219,10151,10199,12149,8785,6842,5142,4918,4807,3401,3333,2411,2475,2089,1575,101,500,742,1181,1235,1445,976,2587,3147,4224,5124,4556,3692,5214,4855.350731928174,4827.301396387237,4825.034289443674,4824.850520609023,4824.835621062364,4824.834413019164,4824.8343150718465,4824.834307130346,4824.834306486452,4824.834306434249,4824.834306430014,4824.834306429672,4824.834306429646,4827.3882405278355,0.0190569856658963,-0.14948733418557741,-0.1304303485196811,False,376.2545063340351,0.9887370503275068,High Risk,6275.604712686187,0
48,1592,3749,2874,2288,2051,2612,4314,2549,1484,4209,4105,4169,4414,5188,6583,7504,8854,6665,9091,10301,11697,8959,9939,9069,7828,8341,10848,12006,10160,11732,9712,8230,8727,8978,6600,7817,8112,8219,8887,7112,4579,4327,4984,4770,5696,2619,1332,4685,5777,5270,3414,2248,2750.7771978186565,2928.661904065172,2986.320681259419,3004.4909152557543,3010.166850845989,3011.9350257750275,3012.4853807398185,3012.656636576967,3012.709922444912,3012.7265017970626,3012.7316602515025,3012.733265234969,3012.7337646035244,2983.163823589906,0.011775231314397155,0.18549597431485348,0.19727120562925063,False,527.9873166521559,0.8084939301462482,High Risk,3878.112970666878,0
49,50934,34179,39613,43930,33415,34686,32167,35740,1126,46060,33556,29380,34129,30861,35340,33626,41324,35086,39472,38529,39340,46572,38519,41755,34771,30569,35726,42826,39989,45858,43999,40727,39923,42378,42061,39263,28652,20379,32347,24027,16973,19412,16729,0,6660,12834,23187,23694,27947,30966,23940,30225,19385.89717643519,18109.65278218825,17921.54255462616,17892.873641156388,17888.482008510993,17887.808752416306,17887.70552700224,17887.689699916544,17887.687273214247,17887.686901137742,17887.68684408874,17887.68683534165,17887.686834000495,18023.08360231038,0.07115900277358493,-0.15896205610233893,-0.087803053328754,False,395.9918533612023,0.9833763076202401,High Risk,23430.008683003492,0
50,7456,3380,923,1051,2165,8438,0,8245,0,3124,2317,976,21367,55369,35013,79673,48690,58838,82771,104721,25383,0,66057,139156,206733,111726,195371,132499,132115,130778,154354,126919,81701,71183,47851,56961,46895,27204,18641,17767,13492,13417,24337,15668,27458,31771,15403,25189,18378,14008,3143,9020,7851.738725959356,8158.93927250071,8072.825986120486,8096.542133602931,8089.978447465447,8091.792556120638,8091.29097469866,8091.429642178766,8091.391304992366,8091.401903931852,8091.398973676021,8091.3997837942525,8091.399559823487,8077.040712681923,0.031887946373626914,0.10572649066604545,0.13761443703967235,False,500.36496015737805,0.8800285758174139,High Risk,10500.1529264865,0
52,1794,3367,2296,3007,419,4628,135563,201426,0,0,60663,239044,152303,264802,200783,593077,151934,125941,77415,31180,185670,71180,80895,99636,97008,21412,110954,209800,207689,181537,166761,135322,129508,35398,5479,984,2330,14391,0,2361,32923,65538,18908,37917,42883,22700,18451,30277,10843,7811,11439,23230,20335.56466364856,19073.576447504107,18494.419706922647,18221.980090832167,18092.292241809813,18030.204371120042,18000.39817822252,17986.070364180043,17979.178615334742,17975.862636012927,17974.266910715058,17973.49895668761,17973.129360803334,18316.18788798412,0.07231629870137203,-0.21364661203302981,-0.1413303133316578,False,371.20759010080235,0.9898073978413694,High Risk,23811.044254379358,0
55,704,704,705,716,520,1422,734,787,573,1274,575,247,0,0,475,132,0,0,0,1264,1444,1041,1347,450,991,801,2232,1368,1010,1454,851,511,738,773,859,658,717,671,590,858,611,126,228,0,2319,2482,1680,968,986,1042,1509,1689,858.4986567219788,596.0849472287032,489.7505096334301,440.5683434152233,416.15753746301203,403.5748709884103,396.9560626758737,393.4361793374807,391.5532745869167,390.54285409244085,389.9997092471503,389.70747739614643,389.5501682447553,457.4138916178095,0.001802534722258126,-0.21295466670303978,-0.21115213198078164,False,338.878598580857,0.994634725544868,High Risk,594.6380591031524,0
56,1209,421,791,664,574,763,1063,1063,658,1229,1048,999,941,1111,1059,1058,1111,940,669,858,797,599,770,785,1646,2545,2922,3276,3277,2974,3030,3202,3055,2728,2421,1917,2257,2073,1889,1664,1396,1537,1667,2085,1952,2074,1661,1659,1637,1595,1044,1281,1290.624847306309,1298.211406337776,1304.8793940510725,1310.7359797089478,1315.87679218026,1320.3869279370301,1324.341932022427,1327.8087334857971,1330.8465237423673,1333.5075714801462,1335.8379714930547,1337.8783274858945,1339.6643707305184,1320.8154444585848,0.005211598151170007,0.2932771769979675,0.2984887751491375,False,574.8532105802706,0.6231490039299998,High Risk,1717.0600777961604,0
58,36042,28240,48165,80907,92459,63894,30708,39350,32644,62804,69499,60160,102745,70784,9994,6295,22657,43066,98681,37313,62950,61341,69090,60790,61224,67772,85722,74254,100971,95801,94641,83648,36196,0,31102,21840,38166,27068,26771,19485,20503,24795,25661,9096,6448,3259,10783,13064,13185,8304,11027,7105,12166.90936238161,12948.990739923167,13042.778511449318,13053.686949185805,13054.951201464164,13055.097663762266,13055.114630455053,13055.1165959238,13055.116823608998,13055.116849984672,13055.116853040097,13055.116853394054,13055.116853435055,12977.556145231389,0.051237191101014545,0.15475716232331763,0.20599435342433217,False,532.02632016926,0.7956741300534493,High Risk,16870.822988800806,0
59,18425,3963,6818,7638,3668,3001,1937,2538,841,3083,5196,5751,6685,6527,6106,9440,15905,7098,5830,9167,5477,5004,73468,115414,116021,106652,84041,85115,109853,127073,110212,73595,49833,15568,9823,13677,14453,6209,6419,5311,7020,6344,8858,6707,9054,6917,8368,7374,7220,7355,5793,6341,6346.29549716368,6347.96700595118,6348.61725408375,6348.870184483041,6348.968563860138,6349.0068286880805,6349.021711760871,6349.0275005047615,6349.029752023847,6349.030627746866,6349.03096835721,6349.031100836773,6349.031152364371,6348.68678060189,0.025063696217156924,0.19796414163102394,0.22302783784818087,False,539.9131868271029,0.7688335111001278,High Risk,8253.292814782457,0
60,54683,37994,32169,42626,34980,39848,33208,45646,14057,36845,18669,21066,19180,23919,46784,55910,47739,51457,31114,34958,91162,113102,119363,103024,107616,100687,112725,139415,129947,129606,110552,89837,38533,0,40157,67915,77860,72990,67502,42243,44572,21472,71079,0,0,0,10784,27623,43348,33109,19058,24980,21162.651479283086,19431.0784453856,18595.945502324397,18180.255931000916,17969.96793049687,17862.699017986746,17807.74595951754,17779.531872211734,17765.02973169203,17757.571233912597,17753.734153574776,17751.759833967528,17750.74389288145,18274.516537248863,0.07215176311841237,-0.21951251529910434,-0.14736075218069197,False,368.4153682683734,0.9903556573091304,High Risk,23756.871498423523,0
62,1250,773,536,500,435,464,251,215,153,385,271,269,502,656,1396,2066,2827,2938,1727,0,1752,2277,1939,2264,2211,2908,4452,4247,4087,4392,4339,2357,3125,3136,3698,3344,1759,1656,1762,1795,2176,2800,2129,1467,1552,1506,1354,1679,1035,1005,161,1129,1027.9264394585628,1017.0521386743221,1015.8377818763122,1015.7014574943449,1015.6861446119894,1015.6844244508585,1015.684231216413,1015.6842095093873,1015.6842070709241,1015.6842067969988,1015.6842067662269,1015.68420676277,1015.6842067623821,1016.744450880884,0.004011001162911168,-0.15373374388160402,-0.14972274271869285,False,367.3217162617284,0.9905623487948788,High Risk,1321.7677861451493,0
66,1978,42665,39700,55542,28822,51049,58007,71972,44111,73102,64164,74321,47455,66947,118417,88059,152965,88568,106017,111211,97117,115997,129845,202320,193183,184520,211470,262360,227871,218648,220604,148554,85430,59749,38646,35322,25028,15650,15468,20712,14311,15755,9388,13724,14710,15294,12470,15895,17362,17735,14896,16625,15206.637202046722,16550.943466905635,15272.093378201811,16483.595633471923,15331.321352568615,16423.13907920462,15384.892121688155,16368.847867375614,15433.328421242712,16320.076422992313,15477.108013501842,16276.249920226952,15516.666914285996,15849.607676439457,0.06257722843216978,0.011400155221737533,0.07397738365390732,False,470.8996468918875,0.9296945690550702,High Risk,20604.489979371294,0
67,4850,25662,14671,16957,5944,28123,5610,3151,996,0,0,0,0,4724,12179,5288,8439,4105,5907,56284,53330,21922,57350,129626,110585,87288,105043,157217,107026,96313,84804,51370,7588,0,0,6311,2854,2813,3822,3565,899,15611,4569,0,0,0,141,4712,5613,5692,1223,3401,4148.55995455832,3689.9386860781005,3954.2316635427724,3795.964250469687,3888.6366185227434,3833.6446746184497,3866.021999033572,3846.870675905413,3858.1677944157086,3851.492980823912,3855.4329781368174,3853.105971452047,3854.479870222257,3868.9652398292146,0.015272738590639764,-0.07673397923772424,-0.06146124064708447,False,408.18867457385585,0.9788807836605931,High Risk,5029.654811777979,0
68,1115,3068,1661,2036,1496,2414,2889,2476,1257,1957,1488,910,497,959,4416,3731,2508,1620,5504,6815,6595,3647,6986,8100,16386,15968,19402,18742,18901,19356,19742,14721,12242,9571,8189,3167,609,1864,1132,1746,1938,1288,783,1751,1499,1484,921,1812,2127,1612,961,2241,2006.1984482004832,1938.2182392871414,1917.6019930724376,1911.2513233920133,1909.2855665613993,1908.6761822848919,1908.4871853927991,1908.428560679787,1908.4103751385637,1908.40473385721,1908.402983884969,1908.4024410283466,1908.4022726294272,1919.2438696468819,0.007574439001314941,-0.18339235192780012,-0.1758179129264852,False,355.239095776021,0.99257329141548,High Risk,2495.0170305409465,0
72,19123,24673,22382,21590,17122,33862,23181,22613,18844,26196,25318,28342,28142,37739,57494,69981,59553,30021,35805,11521,29593,31032,36369,35377,35871,25870,30710,18217,18920,20609,15595,14313,13005,9840,18791,34613,22254,19959,18002,19864,11433,6438,18521,29385,22313,13790,10220,22075,40579,24036,1516,22474,16223.95156461846,15371.389660572338,15234.57095528807,15212.02777937369,15208.297217179463,15207.67941953971,15207.577097307952,15207.560149936724,15207.557342977516,15207.556878066234,15207.556801063854,15207.55678831009,15207.5567861977,15300.833726187062,0.06041044381336803,-0.1608407270513362,-0.10043028323796818,False,390.1451765407825,0.9851836456125692,High Risk,19891.083844043183,0
73,0,0,0,0,0,0,234,0,0,664,1321,1580,2799,3093,3078,2586,2931,4492,2894,3598,3369,3532,4038,4384,5239,6116,7747,7286,7692,7598,7281,6948,6615,6526,6052,5407,5707,5037,5204,5482,5260,4372,5144,4553,4371,4774,4391,4360,4545,3179,2483,2595,2707.6517157461803,2715.5334398055106,2716.0783291871344,2716.1159447396135,2716.1185412088766,2716.118720432781,2716.118732803887,2716.118733657815,2716.1187337167576,2716.118733720827,2716.1187337211068,2716.1187337211263,2716.1187337211286,2715.4190635525188,0.010718065194272548,0.14790417935090266,0.1586222445451752,False,510.092023184926,0.8579247489563878,High Risk,3530.044782618275,0
74,1264,1303,1360,1254,640,1215,782,900,805,1912,4128,5064,6066,8938,11393,13855,11549,12001,12749,9758,11422,10511,10406,10763,10066,8209,7623,7137,7359,5805,7838,6130,4829,3443,4154,2187,1968,1760,1269,2657,1412,3572,4623,3224,1507,1359,951,1068,1363,2742,2161,2484,2291.180795642568,2443.9156919466536,2321.7377167114996,2418.319366882004,2341.245707087337,2402.2921819583926,2353.6504339600374,2392.2249059255482,2361.518538436964,2385.8886167958235,2366.501223244599,2381.89555257082,2369.6534767882777,2371.5403236885018,0.009360290897720044,0.04356163358017361,0.05292192447789366,False,461.15052012435604,0.9414196451310981,High Risk,3083.0024207950523,0
76,2675,2196,1955,1935,1134,2098,2107,3987,0,0,0,0,0,0,0,0,7091,5533,6916,7300,6367,4738,15753,21098,30266,29685,17678,4661,3082,3172,3556,7834,9209,5516,4155,4726,6350,6474,6184,8103,3034,3917,5024,3546,2984,1571,703,1327,1603,1580,1056,1686,1640.9604775995904,1664.7478056653624,1652.332686591249,1658.7785099334608,1655.4227399536599,1657.1673139076615,1656.2596869183596,1656.7317049447884,1656.4861794748174,1656.6138790291006,1656.5474579864365,1656.582004942317,1656.5640360943937,1655.7841910031689,0.006534192139930396,0.07972936738408708,0.08626355952401747,False,476.58840841661083,0.9218845279247041,High Risk,2152.5194483041196,0
77,13961,12151,11343,9150,7276,9589,7655,6149,3416,5193,3604,6671,7071,6108,9115,8213,9065,8997,8043,7591,11338,11456,12532,10594,18800,9809,23021,24391,31088,22004,13726,10164,5430,0,6639,14960,15158,19349,9485,4906,4600,16250,13405,2718,2659,3545,2884,2244,3359,4553,2188,477,2888.240295678476,4198.256310203367,4537.786956315313,4611.76269484786,4627.295230984103,4630.531466783505,4631.204659747676,4631.344648691009,4631.3737570485455,4631.379809556741,4631.381068052527,4631.381329730925,4631.381384141578,4454.870739367817,0.017586133794416686,0.17271750604377115,0.19030363983818782,False,524.7611850541534,0.8182857639758203,High Risk,5791.331961178163,0
78,17628,14186,13032,14565,11194,13505,19685,38107,16829,36622,22304,32771,31123,35484,52578,72864,64498,77752,128501,75271,107956,143793,158814,179963,228770,182948,222258,170339,193245,190816,161408,156530,124140,119826,69115,73673,49087,55924,45179,65684,53196,53385,27542,24933,31829,43840,36094,42104,47462,34849,22163,25632,23664.956245857025,25116.408202075236,24026.704015337316,24834.08463864814,24229.942885783425,24678.699904688972,24343.530510017783,24592.84430893268,24406.82860967355,24545.30290937411,24442.045258487036,24518.945733118195,24461.62087232114,24450.91646879343,0.09653872311365974,0.05124679527633951,0.14778551838999926,False,505.074387798841,0.8697230483464471,High Risk,31786.191409431463,0
79,20709,12049,12751,11328,8041,5769,3908,3744,2253,5556,3755,5672,4476,5204,5454,7295,11971,12888,19103,26656,37016,37838,51560,44050,56603,55745,71974,59862,61941,42491,35290,32664,31242,28584,33451,24382,16867,20766,21386,24840,22458,17093,19791,16957,13446,14657,17739,22799,16414,21048,14666,13670,12897.977931581663,13484.09939977326,13034.251771168652,13376.32944131495,13114.354028789543,13313.904285454533,13161.27545357748,13277.648907849627,13188.705062252133,13256.55990746929,13204.72113874446,13244.28182552701,13214.066459854455,13212.936585642852,0.052166569613999306,0.04923063133487302,0.10139720094887233,False,483.5956072372071,0.911176701383466,High Risk,17176.81756133571,0
81,17665,14651,9156,2416,10730,26376,18090,15838,3852,5800,7588,31090,12575,19208,51642,89712,72679,28603,29874,38047,64518,75865,50065,47012,46685,46370,20656,13769,18907,22662,16454,17671,11002,21136,16238,3311,7331,17512,12254,12117,12183,10270,3198,259,0,0,0,8904,3403,35825,14441,12648,12567.628521690734,12551.863560085902,12548.799743628702,12548.20395137681,12548.088079520718,12548.06554382363,12548.06116087927,12548.060308444217,12548.060142654827,12548.060110410579,12548.060104139424,12548.060102919746,12548.060102682539,12549.928571712082,0.04954874206211429,-0.16565851909636672,-0.11610977703425243,False,382.8852364277292,0.9871603604253263,High Risk,16314.907143225708,0
82,10421,15885,14585,19206,20945,43037,48980,49676,23733,68809,45027,49947,47300,48819,68794,74898,80161,77444,111064,118749,151940,160211,220889,212281,207321,202654,240896,237772,218673,181036,184125,131812,80976,28552,3312,1222,1256,974,488,982,686,754,839,1697,983,619,731,338,1574,965,703,1868,2060.3046114247154,2228.08615688762,2372.7237121508065,2495.6950211742187,2599.088391593601,2685.24662625063,2756.5284863839124,2815.1629065317156,2863.170562157169,2902.3311060526266,2934.179357122547,2960.01842792558,2980.9416297791063,2665.6520765718647,0.010521564719233248,0.2872576436981774,0.2977792084174107,False,574.5246660465323,0.6246908214078638,High Risk,3465.3476995434244,0
85,4879,3459,3281,3022,2704,3043,3012,2916,1845,3770,2611,2876,2675,2365,2706,2422,2247,1583,2403,1599,2413,2314,2762,2830,2752,2566,3076,3266,5672,5334,5576,5154,4391,3425,3203,3584,2980,2605,1842,1988,2090,478,769,1588,568,524,657,915,677,1091,463,1520,876.3648715060765,1010.738861329079,974.1120915057361,983.4596753336214,981.0325063396309,981.6599390018245,981.4975580869373,981.5395700824981,981.5286996917462,981.53151229405,981.5307845582422,981.5309728531522,981.5309241335689,975.2352282089357,0.0038471057280374315,0.10589746849527998,0.1097445742233174,False,487.460619134985,0.9047184517010273,High Risk,1267.8057966716165,0
86,507,0,0,45685,47568,86392,83587,96777,44134,87318,105397,112910,110949,109288,114356,115495,117976,116284,128389,125870,185118,235346,173914,149975,139261,133136,144051,173343,152381,166813,159571,132573,115625,84668,47564,31814,13158,14920,10976,4904,1784,0,2467,3601,0,0,0,0,0,69998,56427,114247,64597.83601850025,41817.03449658659,30012.93694074688,23304.90877043506,19215.768211719645,16586.411895604055,14825.613778580253,13609.415821948982,12749.347478107533,12130.10637367068,11678.115235968357,11344.742159687179,11096.894381892365,21766.856274111367,0.08594095267812735,-0.24393572750529344,-0.1579947748271661,False,363.4915889310232,0.9912522127398091,High Risk,28296.91315634478,0
87,1245,662,859,0,0,0,0,0,0,0,194,808,1276,1699,2613,5159,2189,1695,4275,4995,5218,6764,7467,7338,6830,6876,7820,8132,8221,7443,10452,10104,7884,6438,8023,6956,6039,4772,3656,3793,4200,2508,4282,5256,4833,3706,3169,3201,3592,6308,25211,57812,68026.27668196223,74337.18938437404,78022.17611432103,80108.17783723945,81269.17953885678,81909.40333873122,82260.6703394229,82452.8671851043,82557.87036258166,82615.1898936198,82646.46571044635,82663.52688035078,82672.83262667787,80118.60199182217,0.316337575993094,0.2325339258011861,0.54887150179428,True,690.7857543475645,0.139948823347325,Medium Risk,100000.0,364540
88,7232,5019,7088,9751,11896,9980,12348,54611,32409,39707,18459,28503,19308,46962,37884,26208,35872,34535,51362,47396,62104,47820,67500,68012,69095,82059,89584,79954,85017,69480,66013,60604,56454,44959,29959,22681,15474,16305,11562,1832,5417,6574,14842,19039,8070,6063,8590,25511,19438,30417,20514,25949,23447.935741246092,24983.144224287316,24011.499156717153,24614.741290938815,24235.66209288628,24472.086562326953,24323.93435956981,24416.49815553235,24358.558336073744,24394.783564495356,24372.118382098502,24386.292984275875,24377.425806442938,24338.052358222394,0.0960930893172895,0.06618511943031087,0.16227820874760038,False,511.7848126021049,0.8537478552737273,High Risk,31639.468065689114,0
90,4227,1512,2004,956,1409,778,2299,3361,1677,3119,1682,561,1427,1356,1750,701,859,1251,251,581,1276,2488,2786,1739,3142,2816,2211,6673,2427,1624,1562,2698,3368,2475,2516,2455,0,973,1203,844,1379,887,115,251,0,1332,1283,942,323,111,0,0,15.222636401158896,26.829214185325714,30.18796605472557,30.93825249366842,31.096743007705708,31.12983244706315,31.136723958485646,31.138158518216073,31.13845710928069,31.138519257030392,31.13853219219669,31.138534884464196,31.138535444820576,29.49016199647244,0.0001129163376074964,0.17536927749536793,0.17548219383297542,False,517.8985393728117,0.8378108636221753,High Risk,38.33721059541418,0
91,1810,1240,1247,1247,1247,1241,1245,1233,713,1780,1459,1251,1251,1251,1273,1273,1301,1294,1295,1465,1661,1886,2093,2037,2065,2061,2594,2279,2296,2136,2730,4361,2964,3441,3206,3267,3247,1638,1631,462,0,492,1913,1906,1288,1643,1679,1349,1062,1451,834,1225,1322.875588353211,1359.9737624316888,1373.7217577692277,1378.7558964982552,1380.5912389198568,1381.2593058241896,1381.5023427010194,1381.5907388283294,1381.622887360637,1381.634579042956,1381.6388309961737,1381.640377312546,1381.6409396637778,1374.4960189001436,0.0054235510745456825,0.19403178267981006,0.19945533375435573,False,528.9986145673511,0.8053427602142906,High Risk,1786.8448245701866,0
93,3159,2937,1556,1676,420,0,0,0,0,229,704,291,893,1035,3951,7495,10876,15557,15838,19570,15096,14338,17805,17664,15158,18541,20620,22595,20537,21692,18910,12410,13960,20003,17099,20758,14637,10810,8991,9220,7294,5563,10600,9019,10383,6103,7955,7924,8291,6250,4832,8808,6720.461515724823,7811.462622727764,7184.784672013081,7526.675288074064,7334.659014327367,7440.787591758743,7381.602826771327,7414.445144395414,7396.170183615244,7406.3236230809725,7400.677631211964,7403.815692999578,7402.071087798814,7371.072068807627,0.029100492635708734,0.07100476582099188,0.10010525845670062,False,482.9974103027564,0.9121402360481013,High Risk,9582.393689449917,0
94,333,175,170,170,208,85,85,0,0,0,0,0,0,717,603,305,1153,1252,1129,1116,1749,1173,1253,1019,985,844,3068,1758,1738,1097,1558,1471,2369,1260,1329,701,1227,1263,1687,3277,1474,1649,1920,2702,1945,2604,2831,4031,2906,3696,2405,2319,2325.5297068759687,2325.1710928534503,2325.194322240054,2325.1928174304135,2325.1929149121424,2325.192908597264,2325.192909006342,2325.1929089798414,2325.1929089815576,2325.192908981446,2325.1929089814525,2325.1929089814525,2325.1929089814525,2325.2172404463718,0.009177388367054446,-0.13080900218066133,-0.12163161381360688,False,380.32850820339905,0.9877925928190312,High Risk,3022.7824125802836,0
96,8634,11671,27151,33651,2236,13323,7832,10488,2133,3356,4006,0,332,12975,15494,42165,29272,16858,20099,21570,51464,55791,93199,89041,96226,109904,101652,103218,100189,68676,52623,49759,35497,14486,5857,20263,0,1472,2193,2430,0,0,0,0,0,0,0,1759,10481,16623,9158,9809,8282.758901572814,7989.280838779093,7928.0750119033855,7915.08800658823,7912.322209475131,7911.73272620135,7911.6070667672775,7911.580279145677,7911.574568614547,7911.573351253078,7911.573091737911,7911.573036414881,7911.573024621204,7947.7163163903515,0.031377320618538644,-0.1680165459040799,-0.13663922528554126,False,373.37966393955963,0.9893596729875328,High Risk,10332.031211307458,0
97,0,0,59314,88944,59774,113766,112803,109226,63042,121445,119597,119632,84285,102913,108485,111466,121399,95573,115108,114243,111736,101901,146052,149701,160876,155028,174807,176214,163995,143059,152157,98600,118309,117950,81560,81481,88195,75188,65913,71682,39756,66598,71698,61763,66669,60204,32947,30925,28087,42003,33067,62766,77754.25817795719,65367.02544049799,75238.1663296647,67133.10096781648,73630.01590306326,68318.97683790876,72592.50038661015,69109.25830263525,71919.0077044053,69633.29801247975,71480.04817201824,69979.65771503391,71193.18986008613,71026.80798539825,0.28043944452863057,-0.05075022170906415,0.2296892228195664,False,542.9975501739422,0.7576886347103873,High Risk,92334.85038101774,0
99,833,84,83,0,1132,1772,1808,1594,1180,3314,1697,2765,3489,4178,4132,4410,3891,3044,4121,5070,6841,6034,6824,5859,6113,5528,6606,5357,6330,5726,5702,3703,2905,1997,1109,1241,1297,2715,2276,1876,1010,176,0,1533,1078,440,914,1462,1666,320,0,1023,295.42173303445435,251.75433517489614,246.62583827560476,245.97356706152962,245.88976225318706,245.87898084892734,245.8775935996823,245.87741509770672,245.87739212919982,245.8773891737564,245.8773887934684,245.87738874453532,245.87738873823892,250.2066286865529,0.0009843954683504564,-0.15482160645178786,-0.1538372109834374,False,365.41662968258237,0.990911968815414,High Risk,325.2686172925188,0
100,73831,22581,4902,3352,215,1630,4550,0,0,1977,3404,2300,3858,8219,4726,5851,280,5101,10572,16805,8617,22638,75490,63564,57107,54497,82429,97183,79738,68921,48311,39718,21605,54369,14271,15534,5116,7261,4717,8107,289,1981,4612,10863,1940,3695,0,0,4632,5332,0,1103,391.3087266408785,295.42575221359306,273.7582609450252,268.1651255518438,266.6691724301656,266.265210414684,266.1558427109301,266.1262119564061,266.1181826322914,266.1160067386229,266.1154170776044,266.11525728053385,266.1152139757722,278.80418312064245,0.0010973103416869773,-0.1727788921836715,-0.17168158184198454,False,357.15430530710626,0.9922855359818881,High Risk,362.4454380568352,0
102,2809,2814,2682,2051,2197,1898,1856,1586,799,2141,1668,1876,1681,2053,2476,2206,2961,3117,3050,2549,2862,3463,2735,3048,3134,2685,3041,3160,2779,2280,2537,3017,3024,3254,2884,2632,2915,4404,3890,3654,5450,3968,3575,3599,3004,2870,0,2693,2513,2703,2790,2539,2301.8362647696426,2293.090232360638,2292.7527360029517,2292.7396877380343,2292.739183229689,2292.739163722926,2292.7391629686986,2292.739162939536,2292.739162938408,2292.739162938365,2292.7391629383633,2292.7391629383633,2292.7391629383633,2293.4670314172295,0.009052025520409766,-0.14385650715705178,-0.13480448163664202,False,374.22918938896987,0.9891793167953257,High Risk,2981.5071408423987,0
103,87002,58718,56765,65630,59888,89359,80603,48379,22284,39088,12168,12306,46279,34833,0,0,39075,38430,33873,45285,32685,32583,49028,40642,42063,85831,57360,82088,57946,46174,56802,42439,29535,31960,29565,34909,24505,28907,41955,35320,15311,26030,31559,34061,37471,32408,51360,45100,64142,45153,52936,50413,44346.057585949166,47487.511442037394,45784.22224039808,46685.50354236255,46202.31424686485,46459.56126477283,46322.09374640101,46395.40790293249,46356.266547387604,46377.15173146924,46366.00437646785,46371.95325917995,46368.77831339272,46270.98663073968,0.18269330896150363,0.07641918028447243,0.2591124892459761,False,556.6211502060279,0.7042412712419865,High Risk,60152.28261996158,0
105,3612,2338,1518,1850,1565,1355,1719,2161,1044,2190,974,1164,1343,1194,797,1186,1238,1640,1227,76840,82972,99892,82196,64099,3214,3385,3529,3254,12417,6048,6284,6846,4543,4721,4417,2577,2532,3200,1808,1772,1758,1572,1794,1958,2523,2300,2542,2216,1943,2085,1788,3649,3483.43790572999,3637.7736343457864,3494.3032072472884,3627.2736224511973,3503.6906935729926,3618.252302683403,3511.798110318823,3610.4985452016836,3518.797585410766,3603.832108187528,3524.838727437413,3598.0989296822804,3530.051408357362,3558.6651369712704,0.014047546524259854,0.017436873195449155,0.03148441971970901,False,451.2244981022293,0.9514554087150457,High Risk,4626.264678062652,0
106,1203,2031,2178,2565,2836,3205,4604,4833,3108,7804,7320,7647,8499,8068,9420,8524,7957,6921,6935,6646,6783,7987,7880,7461,7672,8026,8272,8351,8441,7671,7512,7148,6707,6329,4859,5028,5333,5132,5086,4284,3691,4227,2909,3024,3176,4119,3836,3755,2687,2945,2939,3359,3261.2759451708826,3289.8187535737075,3281.4529655906226,3283.895200840098,3283.181405145589,3283.3899563016234,3283.3290174235412,3283.346823313776,3283.3416205199615,3283.3431407470307,3283.3426965449157,3283.342826338338,3283.342788413407,3282.031010763346,0.012955281540786578,0.10453282901286597,0.11748811055365255,False,491.04604164618934,0.898355018666874,High Risk,4266.6403139923505,0
107,819,1408,1390,449,199,440,177,287,44,90,0,0,0,0,109,264,88,980,1362,3037,1802,1712,724,1015,1777,1842,1261,2550,1793,1902,1489,2453,1661,893,2549,2943,2016,1987,2032,1783,432,2014,2757,3314,3080,3077,3593,4889,4217,4177,3380,4660,4464.114283351197,4529.371325205761,4507.3228105208145,4514.724643525197,4512.2344139278275,4513.071602940261,4512.790079919052,4512.884740372237,4512.8529104733825,4512.863613285409,4512.860014450737,4512.861224562376,4512.860817661028,4510.06249847656,0.01780405349462555,0.09958793536276472,0.11739198885739027,False,491.00153525028804,0.8984362703497407,High Risk,5863.081248019528,0
108,26931,20413,27911,19812,17050,10293,6570,5664,3413,8001,10512,12084,10461,8191,31378,46178,43166,34826,50959,42340,77874,89111,105181,139660,141012,157569,169350,163341,136570,101822,78753,30814,55089,21581,8050,13388,12999,8117,6999,3297,2637,4480,3455,3034,472,810,3187,1193,2191,593,0,2141,57.77782778169214,191.49496634895556,128.6951009028644,146.82676825506724,140.54644603973554,142.59903424882663,141.91496885286264,142.14148250696638,142.06631661579692,142.0912418386175,142.0829746181857,142.0857164832742,142.08480710643104,138.64674243071352,0.0005439112844651777,0.06825283730640505,0.06879674859087023,False,468.5009023409539,0.932766417646714,High Risk,180.24076515992758,0
109,27741,15202,19718,21862,0,51163,64134,25779,22790,62187,48715,47702,77658,96160,177128,167836,180373,202893,97967,24013,279953,231316,210984,168955,100622,96148,186651,309034,315912,234407,272171,117516,46504,57103,49399,94674,33992,51269,121013,66626,40754,54797,64391,16887,9293,9084,10033,7076,28427,22360,11643,13865,15607.480808027787,15553.86335759756,15555.420317353428,15555.375028068655,15555.376345390267,15555.376307073499,15555.376308188004,15555.376308155592,15555.376308156532,15555.376308156503,15555.376308156503,15555.376308156503,15555.376308156503,15559.27125543364,0.06143086116924847,-0.13521444180486955,-0.07378358063562107,False,402.48316829082404,0.981115276262008,High Risk,20227.052632063733,0
111,0,0,0,0,0,0,1658,2217,1619,4762,4322,4439,5353,6911,6243,6214,6127,6206,6489,7971,9585,10400,10669,9228,8416,8375,8415,8175,6909,6547,4616,5341,4300,4835,5253,4493,4664,4663,4958,5158,4691,4180,4125,3728,4230,4309,3575,3662,2833,2962,2781,4294,4252.857667983187,4290.959788547944,4256.479649709777,4287.656830607319,4259.445525020968,4284.956172933689,4261.87380313945,4282.7477039720525,4263.861700574778,4280.941535392951,4265.488929355485,4279.464257270499,4266.820823753972,4271.81187602016,0.016863342325808148,0.024116825407686268,0.040980167733494416,False,455.6212320022143,0.9472288139079702,High Risk,5553.355438826208,0
112,26865,71338,70185,39045,92650,259140,155291,125512,27469,163769,156106,115740,126125,203922,347341,392613,258538,288536,170420,182772,384877,418126,506165,528588,443519,516442,408103,399485,479432,491632,462508,243361,14443,12067,30486,45117,37510,34419,27759,8765,1236,21793,18838,0,0,0,0,3813,10616,17701,4334,33262,112830.98205087877,49015.10190723904,86596.33049054608,58719.281734175325,76550.61823180596,63875.553272569196,72276.45854053955,66430.40194996024,70367.25764648196,67655.48134414697,69494.97659961153,68233.99437735045,69092.24079339404,71626.05222605378,0.28280550655282244,-0.09231323735096547,0.19049226920185697,False,524.8485244734991,0.8180258822998009,High Risk,93113.86789386993,0
115,826,584,458,416,251,211,172,0,0,0,0,0,0,0,278,429,1033,1469,1773,2770,3139,3974,4620,4527,4422,4267,3673,3966,4133,3990,4430,4349,3766,4038,5137,4473,4396,3953,3473,3693,3107,2774,2926,2361,2187,2493,2431,2112,1232,1562,1123,770,768.0900634074147,765.3756197754974,762.8429445410407,760.4793493897638,758.2730952584467,756.2133136569225,754.2899354020377,752.493625966738,750.8157267435814,749.2482016054208,747.7835882184968,746.4149536263392,745.1358536779237,755.1889439438172,0.002978272752363477,-0.2980975912063118,-0.29511931845394834,False,300.0,0.9975273768433653,High Risk,981.7456271269623,0
116,7722,6577,4742,4489,4041,4974,6489,5457,4395,22180,20244,21383,25894,26811,25831,25869,29600,31913,28265,29987,29716,28565,32123,32524,36604,39160,38866,31332,35146,37297,32112,31860,33072,32187,26419,26569,24856,21636,21523,16446,11065,10760,17096,16214,12630,10714,14749,9701,8846,9922,5101,12602,10360.975489969587,10426.598127658352,10424.476583028541,10424.544955583882,10424.542751868035,10424.542822895759,10424.54282060647,10424.542820680264,10424.542820677894,10424.542820677967,10424.542820677967,10424.542820677967,10424.542820677967,10419.806190436972,0.04113814529492172,0.13480329894616616,0.17594144424108787,False,518.1111821088024,0.8372321389164923,High Risk,13545.748047568064,0
118,19738,7775,20640,26173,28719,70992,93975,78330,45926,103218,55309,37270,47364,38594,57216,65336,71837,63829,64495,72230,90614,58413,69638,87071,74993,101847,62153,52201,54093,81866,64084,30367,14714,1642,0,0,5410,6952,3950,4675,0,2091,11307,3851,1972,646,2512,2541,5242,5143,2060,8872,5188.603808613675,4026.118623664078,3571.122832483495,3374.2891016560384,3285.047141972492,3243.682113144613,3224.3078652395507,3215.188706654059,3210.886460966396,3208.854509683126,3207.8943197093517,3207.440474470119,3207.2259341796325,3474.666299418202,0.013715884663992057,-0.20562791935085825,-0.19191203468686618,False,347.7871740704718,0.9935950367517219,High Risk,4517.066189243663,0
119,7219,7483,6447,7311,7359,8137,16568,19161,11641,27559,18685,18313,15587,19306,18095,16419,17108,12016,15152,12623,11555,9741,9401,11161,10961,8419,7865,6804,6594,6753,7935,7398,5546,2135,4667,4609,4479,3642,3142,1966,1472,311,0,1074,1228,1661,1973,488,554,1071,168,0,13.659894683466682,33.3989843444839,45.3434289742129,50.34092119926936,52.17335931874133,52.815177941512744,53.036465726610324,53.11235146820965,53.13832681945783,53.14721245579362,53.1502513941249,53.15129065165027,53.15164604844348,47.66302392507516,0.00018467024955684118,0.20809457840506926,0.2082792486546261,False,533.0842754037885,0.7922126236035166,High Risk,61.9619311025977,0
121,162,0,1454,4084,4326,5809,4830,4730,2849,6964,4607,6941,7236,7688,7473,7212,6840,7187,7520,7484,7418,6362,6956,6361,6447,7338,7612,7184,6762,6934,8011,6729,6094,4738,4738,4974,4090,4193,3699,2939,3009,2916,2387,1917,1877,1460,531,0,321,0,1044,2863,2049.1388946508246,2527.3097366002776,2216.1381422815775,2406.2635074222867,2285.3347484845735,2360.3596404287414,2313.07701784317,2342.585249341768,2324.056027555329,2335.6464656528915,2328.3788722475524,2332.9290172720303,2330.0775323953517,2319.3303732443364,0.009154144601018481,0.06036910913191749,0.06952325373293597,False,468.83728972002046,0.9323432684592731,High Risk,3015.1294852176375,0
123,46804,54729,23105,19673,25424,52294,23205,39793,24456,32065,49903,26040,12392,29834,62748,47171,54231,70704,62860,67758,75577,75586,46692,75904,101839,100675,118904,137260,96225,95760,81574,32074,31489,37604,4410,5769,5836,5701,11226,6344,5034,3511,26521,21020,13287,7452,7403,9405,44206,67637,54557,58827,54206.82519965808,52295.45582045498,51478.19524491904,51123.63837229919,50968.836575524656,50901.060177734726,50871.34948284143,50858.318401011275,50852.601633729355,50850.09341459983,50848.99288900167,50848.51000427396,50848.298123970446,51304.01348769374,0.2025657631380339,-0.2063017382493098,-0.0037359751112759076,False,434.91670395063244,0.9644859174157068,High Risk,66695.21753400186,0
125,0,398,995,641,783,640,786,575,0,85,512,514,520,257,599,824,2681,2494,2168,5578,10593,13803,16277,22721,76864,24508,25431,26294,24578,24508,25550,26286,28303,28151,16856,19218,14316,14221,18751,15448,15734,11790,21126,14162,9300,7237,9486,7262,7900,7070,5504,3693,4648.48884329879,5044.5734342930855,5193.490271311557,5247.526281836938,5266.88678674492,5273.792180126201,5276.251199225637,5277.126358105515,5277.437761610235,5277.548558771355,5277.587979312188,5277.602004624535,5277.60699463078,5201.224511837825,0.02053304458278209,0.19386428060534855,0.21439732518813065,False,535.9170753536724,0.7827319563620541,High Risk,6761.591865389173,0
127,0,0,0,356,978,625,539,1014,436,948,372,0,0,285,211,0,0,0,0,274,1807,1204,1280,1173,1618,2928,3500,2947,3298,2409,2405,1907,2330,2097,1672,939,980,1718,1524,1447,1185,1080,1124,1307,1186,546,276,940,1000,467,329,358,525.3935956448512,440.46316041952883,477.9292955189906,460.2020371365576,468.32644514135745,464.54719212401113,466.29316770664855,465.48397239553736,465.85845247828314,465.6850319782701,465.7653170797772,465.7281436178983,465.7453544412141,469.032397360225,0.0018484093479114525,-0.09139984202150105,-0.08955143267358959,False,395.18231642695423,0.9836389221989515,High Risk,609.7421165682924,0
129,8676,9707,6678,6065,4782,7401,12287,12112,9852,21175,11874,14237,12974,11689,43203,77044,70021,77808,79620,54909,135601,123235,80086,103410,109197,127107,114520,126084,123241,170452,113387,55849,0,0,0,0,0,1431,4987,20494,12509,35681,47920,4824,0,0,16302,7845,7841,18926,22521,14884,13940.666670762485,14221.343723808457,14135.389200731246,14161.475249504532,14153.536664742158,14155.95053869708,14155.216368762269,14155.439646280813,14155.371740989196,14155.392392847285,14155.38611203822,14155.388022207095,14155.387441271443,14142.764905587868,0.05583791316238843,0.10299825810488929,0.15883617126727773,False,510.19107582088634,0.8576831074286914,High Risk,18385.59437726423,0
135,67830,57877,106750,67857,46729,60500,40185,54784,30956,156184,150505,125562,170903,147879,139063,115152,117163,104639,46835,71483,89975,89318,145803,157571,152878,231008,134067,185015,135501,160294,243509,110986,24734,0,35202,77130,101942,103076,87428,109309,70162,63079,56466,35576,33417,10022,40870,49030,55815,48046,22725,46875,57130.32888973209,59912.64416489336,60601.388257374994,60768.119308979,60808.26496469459,60817.91877150103,60820.23949572643,60820.79734386606,60820.93143517652,60820.96366689078,60820.97141446462,60820.97327675725,60820.97372439857,60444.96267034271,0.23865797939775765,0.17344278833052226,0.4121007677282799,False,627.457986790884,0.3660593786652558,High Risk,78578.45147144553,0
136,3925,5260,9592,12652,12705,18712,21280,19245,5579,30006,17686,21882,27360,14029,1391,3889,13815,14860,17356,14821,13351,13816,16102,17257,19982,17680,16282,16527,16074,16826,19957,19449,20507,21695,15732,8552,2402,3683,6749,4146,2968,2744,3862,3310,2322,2333,2407,2291,767,0,0,1452,8147.9621048052495,4761.64190547883,5629.135221050101,5343.131103125701,5430.6449699463365,5403.22636373895,5411.754073742217,5409.095722995181,5409.923823355364,5409.665805355185,5409.746192577391,5409.721146864932,5409.7289501387195,5583.490567936474,0.02204238774723735,-0.11230215797189746,-0.09025977022466011,False,394.8543410300815,0.9837441527235049,High Risk,7258.537738317416,0
137,11038,7278,6341,6987,4867,6006,5914,5017,2648,5601,429,969,1824,75,0,2723,3124,1735,1852,1578,1123,1133,1557,991,912,1363,1436,1321,1059,1123,1217,984,305,0,508,1313,1161,1341,1538,619,0,962,1806,939,371,0,0,0,0,0,1421,1845,391.3132244265285,194.4404357037917,141.8559839391932,123.05785576061633,115.4183582466248,112.13104037898886,110.67975047419878,110.03160067735318,109.74062787371871,109.60969583189753,109.5507167940352,109.52413673234555,109.51215533676073,142.0665832443118,0.0005574142185425827,-0.18773437848860702,-0.18717696427006444,False,349.9796126851175,0.9933098592510358,High Risk,184.68655821760535,0
144,7208,5619,5381,5816,6502,4512,4931,6257,0,0,0,0,0,0,0,0,14362,26952,30561,34596,34159,34481,30619,31687,28167,32670,32765,36736,31889,32855,38030,20222,23686,29480,6217,9504,8623,7748,13028,8154,8557,12977,23270,12131,10065,10457,6282,6983,6992,6392,3720,5007,4963.3049263487355,5000.861487480926,4969.261834391837,4995.820082199278,4973.478199238964,4992.258439164461,4976.461693728632,4989.741581310952,4978.572363108874,4987.962710432482,4980.065329618836,4986.705277245676,4981.121256583423,4982.73962929639,0.01967037666147541,0.03778140226370114,0.057451778925176555,False,463.2479393673111,0.9390629534565618,High Risk,6477.561518085308,0
145,291,0,0,0,0,0,0,661,2411,17362,10140,7278,20082,16206,11489,11487,12285,13356,14200,15011,13360,17299,17631,19060,16272,19702,19943,20740,17384,21365,25160,19146,18530,14190,12518,10417,6246,4969,4356,1355,947,1461,1277,1815,1474,2373,2730,2527,877,0,0,0,0.9315664534664844,0.9047302981898644,0.8938907814520495,0.8894590005058935,0.8876379551377508,0.8868881311934732,0.8865791249458236,0.8864517372352494,0.8863992141038667,0.8863775570395622,0.8863686268795543,0.8863649445445326,0.8863634261341242,0.8922367116021714,0.0,-0.20150852715362003,-0.20150852715362003,False,343.3437933396149,0.9941364784727579,High Risk,1.159907725082823,0
150,5499,2360,3480,2244,2392,7567,8162,8252,3264,8422,6848,5034,2363,4662,7803,8106,7057,8803,10932,8987,6082,4460,7486,11891,6618,3809,10109,11378,7828,3660,3206,1448,881,117,0,0,0,0,414,688,376,263,261,1025,1538,1231,402,0,131,0,0,0,1.0650524825038088,1.037060084646961,1.0487988782344477,1.0438218955450664,1.0459222989002273,1.0450341454895868,1.0454093903649853,1.0452507940522155,1.0453178145067197,1.045289490889721,1.045301460461714,1.0452964020594595,1.0452985397560328,1.046373359800842,6.085947016197312e-07,-0.09136012339230205,-0.09135951479760043,False,394.34513583232865,0.9839062129956614,High Risk,1.3602853677410947,0
151,2871,1670,1262,619,172,0,0,1709,4047,6112,5253,4783,6818,11669,18624,19378,21425,15907,19240,26949,16894,16052,20954,11533,0,7294,34388,25877,26546,18756,21215,18674,16805,13595,7426,8635,6930,2533,0,3661,2268,3258,4144,5004,0,0,0,2035,4798,5915,1574,2828,2434.272392951196,2249.8201333458305,2158.7564875447833,2112.4894932434236,2088.6268252808263,2076.2222409003525,2069.7473081592866,2066.360219987554,2064.586399744434,2063.656897164613,2063.1696752538587,2062.9142440663195,2062.7803201283687,2121.030972136219,0.008371177238881389,-0.22172080193262547,-0.21334962469374408,False,337.8611125763815,0.9947422357148851,High Risk,2757.340263777085,0
152,5775,5031,2534,0,0,1060,47802,67519,22084,43529,26797,30113,46865,44533,72488,78897,87129,73848,92253,89185,84172,84252,95592,81692,99260,95191,105860,96280,75612,45421,26443,49946,33766,18015,6444,3786,15671,10295,6031,4547,12436,8087,13514,7262,0,0,0,0,8124,6597,6583,10937,2113.763405282804,4914.42245298687,3187.1389279791997,3980.45768031916,3551.2866995264953,3765.4511099426395,3653.960304440196,3710.766898428485,3681.500149312412,3696.4930327790116,3688.789979421641,3692.741741390034,3690.7128801988765,3640.5757893852165,0.01437096337319178,0.0504557962713876,0.06482675964457937,False,466.66271276838074,0.9350356345482747,High Risk,4732.748526200781,0
156,44441,27497,33586,32324,38640,37484,51177,28616,9733,37685,31862,25739,106042,73198,79096,81848,76835,85156,91141,75251,72731,70778,59037,40335,50747,54787,49458,25869,6215,737,21678,7278,4392,0,0,0,12448,16656,30264,30400,34780,33244,44886,40254,37610,33032,38832,35146,44846,60888,36421,56097,54803.85052496489,55962.78541203526,54922.55898024412,55854.32298141862,55018.17491846811,55767.282656621974,55095.16109160171,55697.40944534597,55157.128247928595,55641.30197259043,55206.994071323235,55596.238254612756,55247.11380831778,55382.332489651795,0.21866863915819737,0.025554812270169012,0.24422345142836638,False,549.7272080736327,0.7321299083949699,High Risk,71997.03223654734,0
157,1533,409,2082,750,0,3660,4667,5174,3568,5670,9313,20892,16826,29456,38860,50987,50802,46473,51305,41530,42968,40027,63152,47724,83544,91933,82945,98139,104861,83485,99189,88720,80098,62376,41623,30568,18792,13637,12548,9418,4801,2761,16859,0,0,0,0,9313,7887,6295,3095,3975,4464.2402706466555,4858.448464580261,5168.293572057081,5407.0884063502945,5588.498434030189,5724.872843697706,5826.6072557633,5902.075511829537,5957.829852786718,5998.896650978545,6029.07889146984,6051.22599077854,6067.458073314971,5618.816478329511,0.022181868929333545,0.273828977093615,0.2960108460229485,False,573.7058765340155,0.6285222523818939,High Risk,7304.461421828364,0
159,5100,11400,11106,14775,12130,36416,26090,25525,15688,34975,32745,43633,39443,57583,73381,71321,66750,64304,87274,96339,102886,77821,95425,92328,95486,77329,98119,90294,88358,48633,40032,28015,42445,26641,16388,3954,11423,8260,7486,4155,1595,1030,2152,5702,0,0,0,0,0,0,0,1499,636.4597089728618,540.7105208730438,524.2027035179453,521.1208387258129,520.5367982474734,520.4258023315828,520.4046963397036,520.4006826003349,520.3999192901488,520.3997741276077,520.3997465212971,520.3997412712614,520.3997402728347,531.2508210070699,0.0020940732014928243,-0.16309040502332708,-0.16099633182183426,False,362.10180401128486,0.9914899746887358,High Risk,690.626067309191,0
161,146,1094,5948,4346,6009,7363,12732,16216,8280,22608,16175,14654,15246,17057,19184,18936,16833,14024,14864,14059,13501,12915,16112,16090,19065,17271,15433,13129,12039,10759,13336,12227,8955,11465,7894,7746,6420,2479,824,757,776,1033,1130,1247,1235,11572,9648,11189,18258,24516,19275,24133,26438.22905676784,28512.60802998605,30353.593816185745,31968.230773834242,33370.53425436067,34578.5751828059,35612.28505661652,36491.90345736258,37236.95088150029,37865.60482704261,38394.36973714986,38837.950902177,39209.26272012072,34528.46913045462,0.13632903402839855,0.29097006786000834,0.4272991018884069,False,634.4951397279797,0.3340546974312493,High Risk,44887.00986959101,0
162,0,169,633,1930,1663,1031,745,2309,1484,2088,1109,0,943,580,1982,2608,541,0,9562,10918,14168,14589,14198,13326,13705,15198,17521,18990,25148,26554,32314,32475,32666,31180,29550,25500,18683,18617,25037,24383,17560,13034,16212,13995,0,0,13356,19267,19507,19392,15208,14547,8976.673978264516,7390.039740929532,6833.1382148466455,6620.842584121919,6537.198707979122,6503.8037242645805,6490.39945440576,6485.007613315108,6482.836880549977,6481.9626482848635,6481.610514088044,6481.468669063178,6481.411530423684,6788.184173887456,0.02679901217254557,-0.19526645862433376,-0.16846744645178818,False,358.64251855883765,0.9920543211801718,High Risk,8824.639426053694,0
163,20143,42747,51660,62602,27508,36400,38149,27003,16067,31341,34666,18524,23483,28307,43709,33980,70434,36770,90380,92930,47473,40063,37469,28831,31706,13691,7770,19440,5679,3836,4406,10087,12148,12520,9035,4846,3229,1328,0,598,961,1384,4373,3240,9960,5207,4420,955,4630,6154,4194,8579,5669.316886460635,4935.173730511956,4711.347080533657,4638.726754880028,4614.672879019051,4606.650361002636,4603.968481857325,4603.071252942561,4602.771005294653,4602.670522073455,4602.636892600451,4602.62563746349,4602.621870573684,4722.788719631813,0.018643983859037035,-0.18525124946262314,-0.1666072656035861,False,359.5038219741683,0.9919173785600083,High Risk,6139.625335521358,0
164,25290,15840,16120,18086,17543,21073,14506,17815,22702,27447,21695,23916,25395,34842,33027,45966,53665,48361,61758,65452,56835,58901,59542,66836,76339,74462,71134,65577,64008,70600,68166,60033,65442,66551,47717,47678,37532,17885,21435,19978,13337,12556,27592,21137,21888,26552,23853,17373,29055,37896,23806,30958,29881.32587915142,29817.599871616974,29813.764264524572,29813.533157309234,29813.51923149076,29813.51839236001,29813.51834179634,29813.51833874953,29813.518338565922,29813.51833855485,29813.518338554164,29813.518338554113,29813.518338554113,29819.068397675543,0.11773438851567651,-0.14671069197051892,-0.02897630345484241,False,423.2298934841159,0.9716784552922979,High Risk,38764.788916978214,0
166,0,0,0,0,0,0,1740,2034,1772,5412,4231,4609,5294,5646,5530,4959,5233,6013,4986,5124,4761,4579,5599,5052,5478,5341,5429,5298,5101,4886,4774,4457,3837,3797,3312,3673,3427,3168,2919,2963,2365,1975,2837,2414,2423,2319,1868,2260,2315,2232,1524,1401,1420.3396829390913,1404.6431296500396,1418.0540407247124,1406.5788163897116,1416.385213341933,1407.9957886429465,1415.1662872863085,1409.0327162774056,1414.2757290690674,1409.791352886426,1413.624948938894,1410.3462912441862,1413.149318244094,1412.260255048832,0.005572659766731492,-0.03572317796115255,-0.030150518194421057,False,422.68620701056244,0.9719761643272449,High Risk,1835.9383315634818,0
167,1452,1407,1195,1438,905,0,0,0,0,4497,6545,18383,7197,8662,21478,33675,39390,39607,46152,51900,60782,61336,64273,24450,19551,19744,22866,18267,18261,18211,17713,19478,15009,17817,10528,9817,7498,2394,7618,2528,2274,1967,1557,1489,0,0,0,0,7867,7868,1392,16402,16418.87975239549,16418.88297631123,16418.882976965448,16418.882976965593,16418.882976965593,16418.882976965593,16418.882976965593,16418.882976965593,16418.882976965593,16418.882976965593,16418.882976965593,16418.882976965593,16418.882976965593,16418.882728871395,0.06482495981028964,0.13889885035449154,0.2037238101647812,False,530.9750102033513,0.7990712576713996,High Risk,21344.547547532813,0
168,4547,4316,4800,5409,6981,7697,9518,11021,7070,18801,13178,11411,10600,16307,14128,10401,9688,13987,25028,30316,25520,27218,28231,31551,30429,27412,27668,30194,31046,30924,39137,36297,31271,32583,30163,29939,18064,14467,13372,15719,12853,9987,13093,12180,14579,18715,21529,14974,18837,16229,10454,14366,13954.784421876608,13893.321807965362,13884.025972425467,13882.616999479002,13882.403371130958,13882.370979214682,13882.366067674904,13882.36532294433,13882.365210021766,13882.365192899466,13882.365190303233,13882.36518990956,13882.36518984986,13888.929301207323,0.05483566609322078,-0.15933060370202984,-0.10449493760880905,False,388.26315485717697,0.9857231600334447,High Risk,18055.60809156952,0
169,0,0,0,6787,9795,15182,16866,17130,10353,23734,17395,17875,17319,19787,17145,16116,25421,33619,32930,36409,33701,36684,35190,35164,34002,40449,42179,64398,50994,28919,31927,32968,33318,33485,24500,23781,21204,16175,15709,12523,8527,6474,11687,7329,9464,10118,13986,12733,16776,20112,15806,19759,19982.72588336334,20187.936680994193,20376.830717954435,20550.55527070221,20710.202815838693,20856.80877267911,20991.350464405332,21114.747059294717,21227.860287440144,21331.49575913906,21426.40473862457,21513.28625108213,21592.789422092137,20912.53800950847,0.08256775379641731,0.29702101660820057,0.3795887704046179,False,612.4042384625118,0.43829495867642315,High Risk,27186.29941236101,0
173,20389,16922,9707,11416,11096,21849,24152,25414,14038,33671,24298,23735,22708,27724,31161,39883,29672,30447,34481,44002,32175,32500,32823,41675,42260,39530,40824,44436,44556,38034,31899,27319,25327,26120,21225,22124,15111,8393,7415,0,0,3227,0,0,0,0,0,0,1254,13239,12737,15656,12086.128260217103,11549.384862815474,11457.683207632917,11441.666136023901,11438.857678534683,11438.36490538037,11438.27843290483,11438.263258285298,11438.260595357939,11438.260128052207,11438.260046046713,11438.26003165592,11438.26002913054,11498.455967079837,0.04539709698901868,-0.1623465785203399,-0.11694948153132123,False,382.4964353324524,0.9872585473738047,High Risk,14947.992757203789,0
174,3679,3267,1286,1655,2170,2230,2984,3105,813,4663,1829,2923,2456,3180,2207,2382,1216,464,1048,2376,12552,15596,15361,16912,17707,14499,15067,13348,3357,2920,2496,2031,806,2928,1574,1923,1659,1900,2385,1882,2136,3137,3529,2283,1912,1008,2182,941,1418,1504,1130,1151,1132.0143240512823,1145.0311103694585,1136.5105354598606,1142.0697277249535,1138.4348942313443,1140.8081805004683,1139.2571777202825,1140.270192628945,1139.6082986187184,1140.0406635287263,1139.7581854801222,1139.9427175079538,1139.8221612803588,1139.5052437771135,0.004495711119929208,0.06494701591837469,0.0694427270383039,False,468.8000041425569,0.9323902922576639,High Risk,1481.3568169102477,0
